[
    {
        "question": "“前排座椅通风”的相关内容在第几页？",
        "answer": "",
        "reference": ""
    },
    {
        "question": "\"关于车辆的儿童安全座椅固定装置，在哪一页可以找到相关内容？\"",
        "answer": "",
        "reference": ""
    },
    {
        "question": "“打开前机舱盖”的相关信息在第几页？",
        "answer": "",
        "reference": ""
    },
    {
        "question": "“打开前机舱盖”这个操作在哪一页？",
        "answer": "",
        "reference": ""
    },
    {
        "question": "“查看行车记录仪视频”这一项内容在第几页？",
        "answer": "",
        "reference": ""
    },
    {
        "question": "请问Lynk&Co领克汽车的事件数据记录系统（EDR）主要记录哪些信息？",
        "answer": "",
        "reference": ""
    },
    {
        "question": "问题：事件数据记录系统（EDR）中的数据是否可以被黑客利用进行恶意攻击？",
        "answer": "",
        "reference": ""
    },
    {
        "question": "问题：在国家环保法要求下，哪些情况下需要对车辆进行报废处理？",
        "answer": "",
        "reference": ""
    },
    {
        "question": "请问，如果车辆报废后，原车主是否还能使用该车辆的智能互联服务？",
        "answer": "",
        "reference": ""
    },
    {
        "question": "如何确保用车前的准备工作万无一失？",
        "answer": "",
        "reference": ""
    },
    {
        "question": "装载货物时，车内有哪些储物空间可以利用？",
        "answer": "",
        "reference": ""
    },
    {
        "question": "请问车辆手套箱的容量大小是多少？",
        "answer": "",
        "reference": ""
    },
    {
        "question": "如何合理安排前排的储物空间以提高实用性？",
        "answer": "",
        "reference": ""
    },
    {
        "question": "请问车辆手套箱的容量大小是多少？",
        "answer": "",
        "reference": ""
    },
    {
        "question": "如何正确使用前排座椅靠背储物袋？",
        "answer": "",
        "reference": ""
    },
    {
        "question": "请问，如果后排中央扶手和杯托被占用，驾驶员应该如何放置饮料？",
        "answer": "",
        "reference": ""
    },
    {
        "question": "如何通过手机验证码解锁手套箱？",
        "answer": "",
        "reference": ""
    },
    {
        "question": "问题：如果手套箱被锁止了，但是忘记了密码，应该怎么办？",
        "answer": "",
        "reference": ""
    },
    {
        "question": "如何确保尾门在自动打开或关闭过程中安全停止？",
        "answer": "",
        "reference": ""
    },
    {
        "question": "尾门自动打开/关闭的机制是如何感应障碍物的？",
        "answer": "",
        "reference": ""
    },
    {
        "question": "如何确保尾门在关闭时安全可靠？",
        "answer": "",
        "reference": ""
    },
    {
        "question": "尾门在关闭过程中如果遇到障碍物会怎样反应？",
        "answer": "",
        "reference": ""
    },
    {
        "question": "如何确保电动尾门在运动过程中不会伤及人员或障碍物？",
        "answer": "",
        "reference": ""
    },
    {
        "question": "问题：如果尾门在关闭过程中触碰到障碍物，那么尾门会自动关闭到哪个位置？",
        "answer": "",
        "reference": ""
    },
    {
        "question": "如何确保在装载货物时汽车的安全性？",
        "answer": "",
        "reference": ""
    },
    {
        "question": "请问这辆正在装载货物的汽车最多可以装载多少立方米的货物？",
        "answer": "",
        "reference": ""
    },
    {
        "question": "如何设置遥控钥匙的靠近解锁远离上锁功能？",
        "answer": "",
        "reference": ""
    },
    {
        "question": "如何确保遥控钥匙的操作不受干扰？",
        "answer": "",
        "reference": ""
    },
    {
        "question": "如何通过触摸车门外把手上车内解锁和闭锁的外部感应区域来操作车辆的闭锁？",
        "answer": "",
        "reference": ""
    },
    {
        "question": "问题：如果遥控钥匙/蓝牙钥匙丢失或损坏，车辆如何进行闭锁和解锁操作？",
        "answer": "",
        "reference": ""
    },
    {
        "question": "如何确保车辆在低速行驶或静止时，乘客安全地使用开门预警系统？",
        "answer": "",
        "reference": ""
    },
    {
        "question": "问题：主驾座椅迎宾功能在哪些情况下会自动停用？",
        "answer": "",
        "reference": ""
    },
    {
        "question": "如何确保车辆的防盗系统正常工作？",
        "answer": "",
        "reference": ""
    },
    {
        "question": "在驾驶前，应如何正确调节驾驶员座椅以确保安全和舒适？",
        "answer": "",
        "reference": ""
    },
    {
        "question": "问题：如何在不调节驾驶员座椅的情况下确保能正常操作制动踏板和加速踏板？",
        "answer": "",
        "reference": ""
    },
    {
        "question": "如何正确使用座椅位置记忆功能？",
        "answer": "",
        "reference": ""
    },
    {
        "question": "问题：如果座椅在自动移动过程中被手动调节，那么座椅会怎样移动？",
        "answer": "",
        "reference": ""
    },
    {
        "question": "请问在中央显示屏中如何进入方向盘设置界面？",
        "answer": "",
        "reference": ""
    },
    {
        "question": "请问如何调整方向盘的高度和倾斜角度？",
        "answer": "",
        "reference": ""
    },
    {
        "question": "请问如何通过方向盘上的按键恢复驾驶辅助功能？",
        "answer": "",
        "reference": ""
    },
    {
        "question": "请问如何调整方向盘的高度和倾斜角度？",
        "answer": "",
        "reference": ""
    },
    {
        "question": "在驾驶前调整方向盘时，需要注意哪项安全警告？",
        "answer": "",
        "reference": ""
    },
    {
        "question": "在转向柱未牢固锁止的情况下驾车可能会导致什么后果？",
        "answer": "",
        "reference": ""
    },
    {
        "question": "问题：在什么情况下，胎压监测系统会开始闪烁，并伴有声音报警？",
        "answer": "",
        "reference": ""
    },
    {
        "question": "问题：如果车辆在行驶过程中突然出现轮胎漏气，驾驶员应该采取哪些紧急措施以确保安全？",
        "answer": "",
        "reference": ""
    },
    {
        "question": "如何正确使用自动雨刷？",
        "answer": "",
        "reference": ""
    },
    {
        "question": "问题：如果自动雨刷灵敏度过高，应该如何调整以减少其对小雨的反应？",
        "answer": "",
        "reference": ""
    },
    {
        "question": "如何正确开启或关闭后雨刮倒车联动功能？",
        "answer": "",
        "reference": ""
    },
    {
        "question": "如何判断后雨刮倒车联动功能是否已经开启？",
        "answer": "",
        "reference": ""
    },
    {
        "question": "智能远近光控制开启时，哪个指示灯会点亮？",
        "answer": "",
        "reference": ""
    },
    {
        "question": "请问智能远近光控制和低速行人提示音功能是否可以同时开启？",
        "answer": "",
        "reference": ""
    },
    {
        "question": "问题：哪些警告灯是用来指示车辆灯光系统出现故障的？",
        "answer": "",
        "reference": ""
    },
    {
        "question": "问题：智能远近光控制系统故障警告灯点亮后，驾驶员应该如何操作以保证安全行驶？",
        "answer": "",
        "reference": ""
    },
    {
        "question": "问题：盲点监测系统出现故障时，应该如何在车辆上进行提示？",
        "answer": "",
        "reference": ""
    },
    {
        "question": "问题：盲点监测系统出现故障时，盲点监测故障警告灯常亮，那么当盲点监测系统标定未完成时，该警告灯会如何显示？",
        "answer": "",
        "reference": ""
    },
    {
        "question": "问题：当车辆的哪个警告灯常亮时，表明车身稳定控制系统存在故障？",
        "answer": "",
        "reference": ""
    },
    {
        "question": "问题：如果车辆的变速器故障警告灯点亮，但变速器性能并未降低，那么可能的原因是什么？",
        "answer": "",
        "reference": ""
    },
    {
        "question": "请问哪些情况下会导致安全带未系警示系统警告灯点亮？",
        "answer": "",
        "reference": ""
    },
    {
        "question": "问题：如何判断安全带系统是否出现故障？",
        "answer": "",
        "reference": ""
    },
    {
        "question": "如何设置和调整机舱盖/车门/尾门/安全带提醒界面的显示？",
        "answer": "",
        "reference": ""
    },
    {
        "question": "问题：如果组合仪表显示屏上出现红色高亮提示未关闭机舱盖/车门/尾门或未系安全带，那么如何才能关闭这个提示？",
        "answer": "",
        "reference": ""
    },
    {
        "question": "如何通过组合仪表设置项调整远近光灯？",
        "answer": "",
        "reference": ""
    },
    {
        "question": "如何在行驶过程中快速切换远近光灯？",
        "answer": "",
        "reference": ""
    },
    {
        "question": "如何确保前大灯自动开启/关闭功能及自动雨刮功能正常使用？",
        "answer": "",
        "reference": ""
    },
    {
        "question": "问题：如果雨量光线传感器被遮挡，如何确保前大灯自动开启/关闭功能和自动雨刮功能的正常使用？",
        "answer": "",
        "reference": ""
    },
    {
        "question": "如何确保大灯随动转向功能在适当的时候工作？",
        "answer": "",
        "reference": ""
    },
    {
        "question": "问题：大灯随动转向功能在哪些情况下会自动关闭？",
        "answer": "",
        "reference": ""
    },
    {
        "question": "如何打开和关闭左前阅读灯？",
        "answer": "",
        "reference": ""
    },
    {
        "question": "请问如何设置门控灯的功能？",
        "answer": "",
        "reference": ""
    },
    {
        "question": "如何调整车辆的背光亮度？",
        "answer": "",
        "reference": ""
    },
    {
        "question": "问题：如何调整车辆的仪表盘亮度？",
        "answer": "",
        "reference": ""
    },
    {
        "question": "如何调整车内氛围灯的亮度和模式？",
        "answer": "",
        "reference": ""
    },
    {
        "question": "如何调整车内氛围灯的颜色和亮度？",
        "answer": "",
        "reference": ""
    },
    {
        "question": "如何设置氛围灯的颜色效果？",
        "answer": "",
        "reference": ""
    },
    {
        "question": "问题：车辆的不同氛围灯效果能否通过远程控制实现？",
        "answer": "",
        "reference": ""
    },
    {
        "question": "汽车仪表和灯光系统分别由哪些部分组成？",
        "answer": "",
        "reference": ""
    },
    {
        "question": "请问如何调整汽车仪表盘上的亮度？",
        "answer": "",
        "reference": ""
    },
    {
        "question": "如何正确清洁和维护汽车安全带以保持其最佳性能？",
        "answer": "",
        "reference": ""
    },
    {
        "question": "问题：如何判断安全带的锁舌是否已经正确地插入锁扣？",
        "answer": "",
        "reference": ""
    },
    {
        "question": "孕妇在驾驶车辆时，为了降低受伤风险，应该采取哪些措施？",
        "answer": "",
        "reference": ""
    },
    {
        "question": "在孕期驾驶或乘坐车辆时，如果安全气囊未能正确部署，对孕妇和胎儿会有什么潜在的风险？",
        "answer": "",
        "reference": ""
    },
    {
        "question": "在什么情况下，安全气囊可能不会展开？",
        "answer": "",
        "reference": ""
    },
    {
        "question": "在上述情况下，安全气囊未能展开的车辆乘员可能遭受何种程度的伤害？",
        "answer": "",
        "reference": ""
    },
    {
        "question": "远端安全侧气囊主要在什么情况下展开？",
        "answer": "",
        "reference": ""
    },
    {
        "question": "远端安全侧气囊在受到侧面碰撞时能展开多长时间？",
        "answer": "",
        "reference": ""
    },
    {
        "question": "如何通过中央显示屏设置车窗和遮阳帘的功能？",
        "answer": "",
        "reference": ""
    },
    {
        "question": "问题：如果想要在行驶过程中只关闭驾驶员侧车窗，应该按照怎样的步骤操作？",
        "answer": "",
        "reference": ""
    },
    {
        "question": "全景天窗在什么情况下会自动滑动打开？",
        "answer": "",
        "reference": ""
    },
    {
        "question": "问题：如果全景天窗和遮阳帘都处于打开状态，想要关闭它们，应该按照什么步骤操作？",
        "answer": "",
        "reference": ""
    },
    {
        "question": "如何确保儿童在车内时的安全？",
        "answer": "",
        "reference": ""
    },
    {
        "question": "问题：如果天窗自动开启/关闭功能和防夹功能无法正常工作，驾驶员应该采取哪些措施来确保安全？",
        "answer": "",
        "reference": ""
    },
    {
        "question": "如何通过中央显示屏调节前排座椅加热功能？",
        "answer": "",
        "reference": ""
    },
    {
        "question": "既然前排座椅加热可以通过中央显示屏进行调节，那么这个系统支持同时调节多个座椅的加热吗？",
        "answer": "",
        "reference": ""
    },
    {
        "question": "如何通过Lynk&CoApp设置前排座椅通风的时间？",
        "answer": "",
        "reference": ""
    },
    {
        "question": "请问如何设置前排座椅通风的自动关闭功能？",
        "answer": "",
        "reference": ""
    },
    {
        "question": "请问前排头枕是如何为驾驶者的安全提供额外保护的？",
        "answer": "",
        "reference": ""
    },
    {
        "question": "请问：如果驾驶员侧座椅通风时间设置为持续模式，那么头枕是否会提供持续的保护？",
        "answer": "",
        "reference": ""
    },
    {
        "question": "方向盘加热功能有哪几种强度调节？",
        "answer": "",
        "reference": ""
    },
    {
        "question": "问题：方向盘加热功能在什么情况下会自动启动？",
        "answer": "",
        "reference": ""
    },
    {
        "question": "如何正确安装和使用儿童安全座椅？",
        "answer": "",
        "reference": ""
    },
    {
        "question": "问题：如果儿童在车内误触儿童锁，导致无法从车内打开后门，该怎么办？",
        "answer": "",
        "reference": ""
    },
    {
        "question": "根据提供的资料，您能解释为什么儿童安全座椅的顶部系带不应绕过头枕顶部或侧面吗？",
        "answer": "",
        "reference": ""
    },
    {
        "question": "问题：如果儿童体型过大而不适合使用反向儿童座椅，但还未达到使用辅助软坐垫的年龄，应该如何选择儿童安全座椅？",
        "answer": "",
        "reference": ""
    },
    {
        "question": "ISOFIX儿童约束系统在哪些情况下不适用？",
        "answer": "",
        "reference": ""
    },
    {
        "question": "如何通过车载12V电源为电子设备充电？",
        "answer": "",
        "reference": ""
    },
    {
        "question": "请问如何设置声源定位以便语音助手能够识别副驾驶侧的语音指令？",
        "answer": "",
        "reference": ""
    },
    {
        "question": "如何正确使用前排扶手箱的12V电源插座进行智能设备充电？",
        "answer": "",
        "reference": ""
    },
    {
        "question": "请问：如果车辆在行驶过程中，无线充电板发生故障，应该如何处理？",
        "answer": "",
        "reference": ""
    },
    {
        "question": "请问车辆中能为哪些设备提供充电服务？",
        "answer": "",
        "reference": ""
    },
    {
        "question": "请问这款汽车配备了哪些类型的USB接口用于车辆充电？",
        "answer": "",
        "reference": ""
    },
    {
        "question": "请问该设备支持哪些格式的音频、视频和图片？",
        "answer": "",
        "reference": ""
    },
    {
        "question": "请问这款汽车配备了哪些类型的USB接口供前排乘客使用？",
        "answer": "",
        "reference": ""
    },
    {
        "question": "请问车辆的无线充电功能在哪些情况下可能无法正常工作？",
        "answer": "",
        "reference": ""
    },
    {
        "question": "问题：车辆无线充电系统是否支持同时为多个设备充电？",
        "answer": "",
        "reference": ""
    },
    {
        "question": "如何正确使用车辆的遮阳板来避免阳光直射对驾驶造成的影响？",
        "answer": "",
        "reference": ""
    },
    {
        "question": "问题：遮阳板在夜间驾驶时有什么作用？",
        "answer": "",
        "reference": ""
    },
    {
        "question": "请问在什么情况下无法通过蓝牙钥匙启动车辆？",
        "answer": "",
        "reference": ""
    },
    {
        "question": "在启动车辆前，需要注意哪些安全事项以避免发生事故？",
        "answer": "",
        "reference": ""
    },
    {
        "question": "问题：如果发动机还没有达到工作温度，应该如何正确驾驶以避免损坏发动机？",
        "answer": "",
        "reference": ""
    },
    {
        "question": "请问混合动力车辆在什么情况下会损坏变速器并可能导致车辆失控？",
        "answer": "",
        "reference": ""
    },
    {
        "question": "问题：在混合动力车辆中，如何判断当前的驱动模式（电机单独驱动、发动机单独驱动或电机与发动机同时驱动）？",
        "answer": "",
        "reference": ""
    },
    {
        "question": "如何设置方向盘转向助力模式以适应不同的驾驶模式？",
        "answer": "",
        "reference": ""
    },
    {
        "question": "问题：如果当前驾驶模式为运动模式，那么方向盘的转向助力方式是哪种？",
        "answer": "",
        "reference": ""
    },
    {
        "question": "如何调整HUD的高度和亮度？",
        "answer": "",
        "reference": ""
    },
    {
        "question": "问题：HUD的高度和亮度设置对驾驶有什么具体影响？",
        "answer": "",
        "reference": ""
    },
    {
        "question": "如何正确调整抬头显示影像的位置和亮度以确保安全驾驶？",
        "answer": "",
        "reference": ""
    },
    {
        "question": "问题：HUD显示界面中，除了上述提到的信息，还可能显示哪些其他类型的信息？",
        "answer": "",
        "reference": ""
    },
    {
        "question": "如何设置能量回收等级以实现节省燃油的效果？",
        "answer": "",
        "reference": ""
    },
    {
        "question": "问题：能量回收等级设置为自动时，系统如何根据路况智能切换回收等级？",
        "answer": "",
        "reference": ""
    },
    {
        "question": "在车辆出现转向过度或转向不足时，车身稳定控制系统是如何工作的？",
        "answer": "",
        "reference": ""
    },
    {
        "question": "问题：如果车辆的制动系统出现故障，但仪表上的制动系统故障指示灯没有点亮，驾驶员是否需要立即停车并联系Lynk&Co领克中心？",
        "answer": "",
        "reference": ""
    },
    {
        "question": "如何正确释放电子驻车制动（EPB）功能？",
        "answer": "",
        "reference": ""
    },
    {
        "question": "问题：如果电子驻车制动（EPB）功能出现故障，车辆所有者应该如何正确处理？",
        "answer": "",
        "reference": ""
    },
    {
        "question": "在什么情况下，陡坡缓降系统（HDC）可能无法使车辆保持匀速地驶下陡坡？",
        "answer": "",
        "reference": ""
    },
    {
        "question": "问题：如果电子驻车制动（EPB）启用后警告灯长亮，应该如何诊断和解决问题？",
        "answer": "",
        "reference": ""
    },
    {
        "question": "在加油时，应该采取哪些措施来防止静电引发火灾或爆炸？",
        "answer": "",
        "reference": ""
    },
    {
        "question": "问题：如果加油时不小心让燃油溅到了皮肤上，应该用什么清洗最合适？",
        "answer": "",
        "reference": ""
    },
    {
        "question": "问题：领克汽车在出厂时满足哪个排放标准？",
        "answer": "",
        "reference": ""
    },
    {
        "question": "问题：如何正确在坡道上使用制动防抱死系统？",
        "answer": "",
        "reference": ""
    },
    {
        "question": "问题：防抱死系统在哪些特定路况下无法改善车辆的转向控制性能？",
        "answer": "",
        "reference": ""
    },
    {
        "question": "如何确保驾驶辅助系统的传感器正常工作？",
        "answer": "",
        "reference": ""
    },
    {
        "question": "问题：如果车辆在行驶过程中遭遇恶劣天气，如何确保驾驶辅助系统的可靠性？",
        "answer": "",
        "reference": ""
    },
    {
        "question": "如何确保在使用最高限速辅助系统时避免意外调节车速？",
        "answer": "",
        "reference": ""
    },
    {
        "question": "问题：在恶劣天气条件下，应该如何安全地使用最高限速辅助系统？",
        "answer": "",
        "reference": ""
    },
    {
        "question": "如何调整车辆的最高限速车速？",
        "answer": "",
        "reference": ""
    },
    {
        "question": "请问如何调整最高限速车速到60km/h？",
        "answer": "",
        "reference": ""
    },
    {
        "question": "问题：根据资料，使用ACC功能时，在哪些情况下需要驾驶员及时制动？",
        "answer": "",
        "reference": ""
    },
    {
        "question": "问题：ACC系统在哪些情况下可能无法正确识别自行车？",
        "answer": "",
        "reference": ""
    },
    {
        "question": "如何调整自适应巡航系统（ACC）的目标车速和跟车距离间隔？",
        "answer": "",
        "reference": ""
    },
    {
        "question": "问题：如果当前道路没有限速牌，但开启了“巡航自动限速辅助”功能，ACC系统将如何确定目标车速？",
        "answer": "",
        "reference": ""
    },
    {
        "question": "自适应巡航系统（ACC）在什么情况下可能无法激活或自动退出？",
        "answer": "",
        "reference": ""
    },
    {
        "question": "LynkCo-Pilot系统在哪些情况下会提醒驾驶员接管车辆？",
        "answer": "",
        "reference": ""
    },
    {
        "question": "问题：LynkCo-Pilot系统在何种情况下会默认将跟车距离间隔设置为最远？",
        "answer": "",
        "reference": ""
    },
    {
        "question": "如何确保在使用高级智能驾驶辅助系统时保持安全距离？",
        "answer": "",
        "reference": ""
    },
    {
        "question": "问题：如何确保在各种路况下都能保持安全的跟车距离？",
        "answer": "",
        "reference": ""
    },
    {
        "question": "如何正确使用ALCA功能进行变道？",
        "answer": "",
        "reference": ""
    },
    {
        "question": "问题：当驾驶员脱手时，LynkCo-Pilot系统将作出何种反应？",
        "answer": "",
        "reference": ""
    },
    {
        "question": "LynkCo-Pilot系统在哪些情况下会提醒驾驶员接管车辆？",
        "answer": "",
        "reference": ""
    },
    {
        "question": "问题：LynkCo-Pilot系统在何种情况下会默认将跟车距离间隔设置为最远？",
        "answer": "",
        "reference": ""
    },
    {
        "question": "如何确保在使用高级智能驾驶辅助系统时保持安全距离？",
        "answer": "",
        "reference": ""
    },
    {
        "question": "问题：如何确保在各种路况下都能保持安全的跟车距离？",
        "answer": "",
        "reference": ""
    },
    {
        "question": "问题：在什么情况下，LynkCo-Pilot的性能会下降或无法正常工作？",
        "answer": "",
        "reference": ""
    },
    {
        "question": "既然提到了驾驶辅助系统的传感器可能会受限，导致LynkCo-Pilot无法正常工作，那么一个无法回答的问题是：如果驾驶辅助系统的传感器完全失效，会发生什么情况？",
        "answer": "",
        "reference": ""
    },
    {
        "question": "如何开启或关闭道路标志提醒功能？",
        "answer": "",
        "reference": ""
    },
    {
        "question": "既然道路标志提醒功能能够识别并显示禁止超车、解除禁止超车及注意儿童标识，那么它是否能够识别并显示其他类型的道路标志，如速度限制、车道关闭等信息？",
        "answer": "",
        "reference": ""
    },
    {
        "question": "如何确保驾驶员状态监测系统正常工作？",
        "answer": "",
        "reference": ""
    },
    {
        "question": "问题：驾驶员状态监测系统在何种情况下会无法正确检测驾驶员面部？",
        "answer": "",
        "reference": ""
    },
    {
        "question": "FCTA系统在哪些情况下可能无法正常工作？",
        "answer": "",
        "reference": ""
    },
    {
        "question": "问题：FCTA系统在哪些特定情况下会限制其功能？",
        "answer": "",
        "reference": ""
    },
    {
        "question": "请问在什么情况下，RCTA无法保证正常工作？",
        "answer": "",
        "reference": ""
    },
    {
        "question": "问题：如果RCTA系统出现故障，驾驶员应该如何应对以确保倒车安全？",
        "answer": "",
        "reference": ""
    },
    {
        "question": "车道辅助系统的哪些情况下会显示绿色状态指示灯？",
        "answer": "",
        "reference": ""
    },
    {
        "question": "车道辅助系统在哪些特定情况下会停止工作？",
        "answer": "",
        "reference": ""
    },
    {
        "question": "车道保持辅助系统（LKA）和紧急车道保持辅助系统（ELKA）在什么情况下会主动请求转向帮助车辆回到当前行车道？",
        "answer": "",
        "reference": ""
    },
    {
        "question": "问题：如果驾驶者在车辆偏离车道时主动纠正，但纠正力度不足，LKA和ELKA系统会如何响应？",
        "answer": "",
        "reference": ""
    },
    {
        "question": "车道辅助系统的哪些状态可以通过组合仪表的显示来判断？",
        "answer": "",
        "reference": ""
    },
    {
        "question": "车道辅助系统未检测到车道线时，应该如何操作以解决问题？",
        "answer": "",
        "reference": ""
    },
    {
        "question": "紧急车道保持辅助系统（ELKA）在哪些情况下可能不会工作？",
        "answer": "",
        "reference": ""
    },
    {
        "question": "紧急车道保持辅助系统（ELKA）在哪些特殊情况下可能无法正常工作？",
        "answer": "",
        "reference": ""
    },
    {
        "question": "前向碰撞减缓系统在哪些情况下无法正常使用？",
        "answer": "",
        "reference": ""
    },
    {
        "question": "由于CMSF系统的局限性，在哪些情况下它可能无法正常工作或性能下降？",
        "answer": "",
        "reference": ""
    },
    {
        "question": "问题：CMSF系统在哪些特定情况下可能无法正常工作？",
        "answer": "",
        "reference": ""
    },
    {
        "question": "问题：在什么情况下，紧急转向避让辅助系统（EMA）可能会受限制？",
        "answer": "",
        "reference": ""
    },
    {
        "question": "问题：在紧急情况下，EMA系统能够在多长时间内做出反应？",
        "answer": "",
        "reference": ""
    },
    {
        "question": "如何评价216号驾驶辅助系统的性能和功能？",
        "answer": "",
        "reference": ""
    },
    {
        "question": "请问在驾驶辅助功能中，216代表什么具体含义？",
        "answer": "",
        "reference": ""
    },
    {
        "question": "泊车辅助系统在哪些情况下可能无法正确识别障碍物？",
        "answer": "",
        "reference": ""
    },
    {
        "question": "问题：如果泊车辅助摄像头被泥土完全覆盖，会对泊车辅助系统的功能产生什么影响？",
        "answer": "",
        "reference": ""
    },
    {
        "question": "在强烈的阳光、反光或光线较暗的环境下，泊车辅助传感器可能会受到哪些影响？",
        "answer": "",
        "reference": ""
    },
    {
        "question": "问题：泊车辅助系统在哪些特定情况下可能无法检测到儿童或物体？",
        "answer": "",
        "reference": ""
    },
    {
        "question": "如何调整泊车辅助系统的报警音提示？",
        "answer": "",
        "reference": ""
    },
    {
        "question": "问题：泊车雷达系统在何种情况下会自动启用？",
        "answer": "",
        "reference": ""
    },
    {
        "question": "如何正确使用360°全景影像进行泊车？",
        "answer": "",
        "reference": ""
    },
    {
        "question": "问题：360°全景影像系统在识别物体时，其显示的距离误差范围是多少？",
        "answer": "",
        "reference": ""
    },
    {
        "question": "在泊车时，什么情况下无法使用转向联动功能？",
        "answer": "",
        "reference": ""
    },
    {
        "question": "在泊车过程中，如果导航界面正在使用，那么驾驶员在泊车时能否同时接听并操作手机上的导航指令？",
        "answer": "",
        "reference": ""
    },
    {
        "question": "全自动泊车（APA）功能能够辅助驾驶员泊入或泊出哪些类型的停车位？",
        "answer": "",
        "reference": ""
    },
    {
        "question": "问题：全自动泊车（APA）功能最多可以支持多少个车位类型？",
        "answer": "",
        "reference": ""
    },
    {
        "question": "请问Lynk&CoApp的RPA功能在泊车时需要驾驶员注意哪些事项？",
        "answer": "",
        "reference": ""
    },
    {
        "question": "问题：RPA功能在哪些情况下会失效？",
        "answer": "",
        "reference": ""
    },
    {
        "question": "请问如何通过Lynk&CoApp遥控泊车功能将车辆从停车位中泊出？",
        "answer": "",
        "reference": ""
    },
    {
        "question": "请问在启用RPA功能后，如果遇到手机或遥控钥匙丢失的情况，应该如何操作？",
        "answer": "",
        "reference": ""
    },
    {
        "question": "在使用RPA功能时，哪些情况下应该暂停或避免使用该功能？",
        "answer": "",
        "reference": ""
    },
    {
        "question": "请问RPA功能在哪些情况下会暂停或退出？",
        "answer": "",
        "reference": ""
    },
    {
        "question": "请问：泊车指的是什么？",
        "answer": "",
        "reference": ""
    },
    {
        "question": "请问在泊车过程中，车辆应该保持怎样的速度和姿势才能确保安全？",
        "answer": "",
        "reference": ""
    },
    {
        "question": "如何通过中央显示屏调节驾驶员侧和乘客侧空调温度？",
        "answer": "",
        "reference": ""
    },
    {
        "question": "请问在空调操作中，如果指示灯不亮起，应该如何排查问题？",
        "answer": "",
        "reference": ""
    },
    {
        "question": "如何通过中央显示屏调节空调的风量？",
        "answer": "",
        "reference": ""
    },
    {
        "question": "请问如何通过中央显示屏调节空调风量？",
        "answer": "",
        "reference": ""
    },
    {
        "question": "如何将车内温度设定在理想水平？",
        "answer": "",
        "reference": ""
    },
    {
        "question": "问题：如果自动模式被停用，那么空调系统将如何调整车内温度？",
        "answer": "",
        "reference": ""
    },
    {
        "question": "在动力电池电量较低时，驻车空调能否正常使用？",
        "answer": "",
        "reference": ""
    },
    {
        "question": "问题：如果动力电池电量较低，如何解决驻车空调无法正常使用的问题？",
        "answer": "",
        "reference": ""
    },
    {
        "question": "如何调整前排右侧出风口的开关？",
        "answer": "",
        "reference": ""
    },
    {
        "question": "请问如何调整空调出风口的吹风方向？",
        "answer": "",
        "reference": ""
    },
    {
        "question": "如何通过前排空调控制界面切换车内空气的内循环和外循环？",
        "answer": "",
        "reference": ""
    },
    {
        "question": "问题：如果长时间需要使用内循环模式，如何避免车内空气不新鲜和车窗起雾的问题？",
        "answer": "",
        "reference": ""
    },
    {
        "question": "如何正确地使用车内的香氛胶囊来改善空气质量？",
        "answer": "",
        "reference": ""
    },
    {
        "question": "请问香氛胶囊可以使用多久，需要多久更换一次？",
        "answer": "",
        "reference": ""
    },
    {
        "question": "如何确保空调系统正确地除去前挡风玻璃上的结冰或雾气？",
        "answer": "",
        "reference": ""
    },
    {
        "question": "问题：如何仅使用空调系统面板上的按钮来确保前挡风玻璃无冰渣、积雪或冷凝水？",
        "answer": "",
        "reference": ""
    },
    {
        "question": "空调的制冷量是多少？",
        "answer": "",
        "reference": ""
    },
    {
        "question": "请问空调的制冷量是如何与汽车性能和燃油效率相匹配的？",
        "answer": "",
        "reference": ""
    },
    {
        "question": "如何设置中央显示屏的显示模式？",
        "answer": "",
        "reference": ""
    },
    {
        "question": "请问如何设置中央显示屏的自动显示模式？",
        "answer": "",
        "reference": ""
    },
    {
        "question": "如何通过车辆功能界面调整中央显示屏的亮度？",
        "answer": "",
        "reference": ""
    },
    {
        "question": "既然中央显示屏可以根据个人喜好选择自动模式，并且可以根据日出日落或自定时段切换显示模式，那么请问：如果选择自动模式，中央显示屏在何时会从夜间模式切换到日间模式？",
        "answer": "",
        "reference": ""
    },
    {
        "question": "如何通过中央显示屏播放说明广播或音乐？",
        "answer": "",
        "reference": ""
    },
    {
        "question": "如何调整蓝牙音质设置以获得更好的音频体验？",
        "answer": "",
        "reference": ""
    },
    {
        "question": "如何通过中央显示屏设置车载热点名称和配置？",
        "answer": "",
        "reference": ""
    },
    {
        "question": "请问如何查看当前车辆所连接的Wi-Fi网络的信号强度？",
        "answer": "",
        "reference": ""
    },
    {
        "question": "请问在您的汽车中，创建人脸信息时需要将车辆切换至哪个挡位？",
        "answer": "",
        "reference": ""
    },
    {
        "question": "请问在Lynk&Co系统中，如何为我的车辆添加一个亲情账户？",
        "answer": "",
        "reference": ""
    },
    {
        "question": "请问Lynk&CoID是否支持同时在线多个账户？",
        "answer": "",
        "reference": ""
    },
    {
        "question": "行车记录仪在遇到紧急情况时，会保存多长时间的视频？",
        "answer": "",
        "reference": ""
    },
    {
        "question": "请问行车记录仪在遇到紧急情况时，是否支持自动发送紧急录像到指定的手机号码或服务器？",
        "answer": "",
        "reference": ""
    },
    {
        "question": "请问如何通过中央显示屏查看行车记录仪拍摄的照片？",
        "answer": "",
        "reference": ""
    },
    {
        "question": "请问行车记录仪是否支持其他格式的内存卡？",
        "answer": "",
        "reference": ""
    },
    {
        "question": "如何正确清洁和维护汽车的摄像头及红外补光灯以保证系统正常工作？",
        "answer": "",
        "reference": ""
    },
    {
        "question": "既然摄像头和红外补光灯需要保持清洁且无遮挡，那么如果发现摄像头被遮挡了，应该如何处理？",
        "answer": "",
        "reference": ""
    },
    {
        "question": "如何在Lynk&CoApp中删除不想要的蓝牙钥匙？",
        "answer": "",
        "reference": ""
    },
    {
        "question": "如何在Lynk&CoApp中查看当前连接的蓝牙钥匙？",
        "answer": "",
        "reference": ""
    },
    {
        "question": "Lynk&Co App拥有多少用户？",
        "answer": "",
        "reference": ""
    },
    {
        "question": "Lynk&Co 是一款什么样的汽车品牌？",
        "answer": "",
        "reference": ""
    },
    {
        "question": "如何确保电动汽车在充电过程中的安全？",
        "answer": "",
        "reference": ""
    },
    {
        "question": "问题：在雨天充电时，如果没有遮雨棚，应该采取哪些措施来确保充电安全？",
        "answer": "",
        "reference": ""
    },
    {
        "question": "如何正确地使用220V交流插座为动力电池充电？",
        "answer": "",
        "reference": ""
    },
    {
        "question": "问题：如果充电过程中充电电缆或插头被阳光直射，那么过热保护极有可能会采取哪些措施？",
        "answer": "",
        "reference": ""
    },
    {
        "question": "如何判断电动汽车充电接口的灯光指示表示的是哪种充电状态？",
        "answer": "",
        "reference": ""
    },
    {
        "question": "问题：如何诊断和解决充电接口灯光指示的绿-绿-红依次闪烁的问题？",
        "answer": "",
        "reference": ""
    },
    {
        "question": "如何确保动力电池在充电过程中不会超过设定的目标充电量？",
        "answer": "",
        "reference": ""
    },
    {
        "question": "问题：如果动力电池未达到设置的目标充电量，车辆会自动继续充电吗？",
        "answer": "",
        "reference": ""
    },
    {
        "question": "问题：在充电过程中，哪些因素可能导致充电时间变长？",
        "answer": "",
        "reference": ""
    },
    {
        "question": "问题：如何判断车辆的充电接口插座指示灯是否正常工作？",
        "answer": "",
        "reference": ""
    },
    {
        "question": "如何确保车辆的预约充电成功？",
        "answer": "",
        "reference": ""
    },
    {
        "question": "请问如何确保在使用预约充电功能时，车辆能够成功连接到车载充电设备或充电桩进行充电？",
        "answer": "",
        "reference": ""
    },
    {
        "question": "高压系统的额定工作压力是多少？",
        "answer": "",
        "reference": ""
    },
    {
        "question": "高压系统的额定压力是多少？",
        "answer": "",
        "reference": ""
    },
    {
        "question": "如何正确更换遥控钥匙电池以避免损坏车辆？",
        "answer": "",
        "reference": ""
    },
    {
        "question": "在最初的2000km行驶期间，应当如何正确操作油门以确保发动机转速处于合理范围内？",
        "answer": "",
        "reference": ""
    },
    {
        "question": "在最初的2000km行驶期间，发动机转速不应超过多少rpm？",
        "answer": "",
        "reference": ""
    },
    {
        "question": "在保养和维护过程中，需要注意哪些安全警告？",
        "answer": "",
        "reference": ""
    },
    {
        "question": "请问如何检查发动机机油的压力警告灯是否正常工作？",
        "answer": "",
        "reference": ""
    },
    {
        "question": "问题：为什么建议使用Lynk&Co领克原厂纯正“DOT4”制动液？",
        "answer": "",
        "reference": ""
    },
    {
        "question": "问题：如果制动液与皮肤接触，应该用什么类型的水冲洗？",
        "answer": "",
        "reference": ""
    },
    {
        "question": "在什么情况下应使用含防冻剂的洗涤液？",
        "answer": "",
        "reference": ""
    },
    {
        "question": "问题：在什么情况下，应该使用不含防冻剂的洗涤液？",
        "answer": "",
        "reference": ""
    },
    {
        "question": "如何正确安装雨刮片以避免对挡风玻璃造成损害？",
        "answer": "",
        "reference": ""
    },
    {
        "question": "请问如何准确地测量轮胎的胎压？",
        "answer": "",
        "reference": ""
    },
    {
        "question": "问题：如何正确维护轮胎以保证车辆的操纵性能和延长轮胎使用寿命？",
        "answer": "",
        "reference": ""
    },
    {
        "question": "问题：如何判断车辆的胎压是否正确？",
        "answer": "",
        "reference": ""
    },
    {
        "question": "如何正确进行车辆的漆面保养以减少腐蚀风险？",
        "answer": "",
        "reference": ""
    },
    {
        "question": "问题：车辆的漆面保养和维护中，打蜡和抛光分别有什么不同的作用和适用情况？",
        "answer": "",
        "reference": ""
    },
    {
        "question": "请问Lynk&Co领克车辆的保养周期是如何确定的？",
        "answer": "",
        "reference": ""
    },
    {
        "question": "请问Lynk&Co领克智能驾驶分析系统是如何识别和记录驾驶员的驾驶习惯的？",
        "answer": "",
        "reference": ""
    },
    {
        "question": "如何正确地进行汽车保养和维护以延长汽车使用寿命？",
        "answer": "",
        "reference": ""
    },
    {
        "question": "汽车发动机内部积碳的主要原因是什么？",
        "answer": "",
        "reference": ""
    },
    {
        "question": "在进行OTA升级时，如果遇到升级失败或更新延迟的提示，应该采取哪些步骤？",
        "answer": "",
        "reference": ""
    },
    {
        "question": "在进行OTA升级时，如果车辆突然断电，应该如何处理？",
        "answer": "",
        "reference": ""
    },
    {
        "question": "在紧急情况下，如果车辆出现故障，应该采取哪些步骤来确保安全并寻求帮助？",
        "answer": "",
        "reference": ""
    },
    {
        "question": "在紧急情况下，如果车辆的故障警告指示灯图标或消息提示无法正常工作，应该如何处理？",
        "answer": "",
        "reference": ""
    },
    {
        "question": "紧急道路救援服务对于车辆出现什么问题提供免费服务？",
        "answer": "",
        "reference": ""
    },
    {
        "question": "问题:如果我的车辆在保修期外抛锚，领克救援服务是否会提供免费的拖车服务？",
        "answer": "",
        "reference": ""
    },
    {
        "question": "在提供的资料中，提到了哪些情况下顾客车辆的驾驶人员被视为处于醉酒状态？",
        "answer": "",
        "reference": ""
    },
    {
        "question": "问题：在紧急情况下，如果车辆出现故障导致无法正常解锁和锁止车门，但没有备用机械钥匙，驾驶员应该如何应对？",
        "answer": "",
        "reference": ""
    },
    {
        "question": "在紧急情况下，如何手动解锁充电枪？",
        "answer": "",
        "reference": ""
    },
    {
        "question": "在紧急情况下，如果车辆充电时发生突发状况，导致无法拔出充电口里的充电枪，您可通过应急解锁拉线手动解锁充电枪。那么，如果遇到无法解锁充电枪的情况，应该如何正确地操作应急解锁拉线以解锁充电枪呢？",
        "answer": "",
        "reference": ""
    },
    {
        "question": "在紧急情况下，如何确保安全地将车辆牵引至平板拖车？",
        "answer": "",
        "reference": ""
    },
    {
        "question": "在雨雾天气下，在高速公路上应该将三角警示牌设置在车后多少米以外？",
        "answer": "",
        "reference": ""
    },
    {
        "question": "在雨雾天气条件下，如果无法找到合适的地方设置三角警示牌，应该如何处理？",
        "answer": "",
        "reference": ""
    },
    {
        "question": "在紧急情况下使用补胎套装时，应如何确保轮胎的气压处于适当范围？",
        "answer": "",
        "reference": ""
    },
    {
        "question": "在紧急情况下，如何正确解锁并打开车辆的充电盖进行充电？",
        "answer": "",
        "reference": ""
    },
    {
        "question": "问题：在车辆开始充电时，应该先拆除哪个端子以防止火花产生？",
        "answer": "",
        "reference": ""
    },
    {
        "question": "如何正确安装汽车电子标识，以避免影响其功能？",
        "answer": "",
        "reference": ""
    },
    {
        "question": "请问：如何在不遮挡内后视镜安装支架、传感器支架的情况下，正确安装汽车电子标识？",
        "answer": "",
        "reference": ""
    },
    {
        "question": "问题：根据提供的资料，哪项参数是影响MR6453DCH-EV02车型油耗和排放的主要因素？",
        "answer": "",
        "reference": ""
    },
    {
        "question": "问题：车辆在满载状态下，油耗会有多大的变化？",
        "answer": "",
        "reference": ""
    },
    {
        "question": "请问这些汽车技术缩略语和术语主要用于哪些品牌的车型？",
        "answer": "",
        "reference": ""
    },
    {
        "question": "请问公制术语中，\"Nm\"代表什么单位？",
        "answer": "",
        "reference": ""
    },
    {
        "question": "请问在汽车技术中，1牛米（Nm）的力矩等于多少牛顿（N）乘以米（m）？",
        "answer": "",
        "reference": ""
    }
]